Workbook

Sheet Assessment_Master
A1: Assessment_ID | B1: Assessment_Title | C1: Assessment_Type | D1: Course_ID | E1: Module_ID | F1: Total_Questions | G1: Maximum_Marks | H1: Passing_Score | I1: Assessment_Status

Sheet Question_Bank
A1: Question_ID | B1: Assessment_ID | C1: Question_Text | D1: Question_Type | E1: Topic | F1: Option_A | G1: Option_B | H1: Option_C | I1: Option_D | J1: Correct_Answer | K1: Maximum_Marks | L1: Difficulty_Level

Sheet Student_Responses
A1: Response_ID | B1: Student_ID | C1: Assessment_ID | D1: Question_ID | E1: Attempt_ID | F1: Submitted_At | G1: Selected_Answer | H1: Is_Correct | I1: Marks_Obtained | J1: Response_Time_Seconds

Sheet Question_Quality_Analysis
A1: Question_ID | B1: Assessment_ID | C1: Question_Type | D1: Topic | E1: Total_Responses | F1: Correct_Responses | G1: Incorrect_Responses | H1: Percentage_Correct | I1: Percentage_Incorrect | J1: Difficulty_Index | K1: Difficulty_Category | L1: Discrimination_Index | M1: Quality_Flag
A2: =IF(Question_Bank!A2="","",Question_Bank!A2) | B2: =IF(A2="","",Question_Bank!B2) | C2: =IF(A2="","",Question_Bank!D2) | D2: =IF(A2="","",Question_Bank!E2) | E2: =IF(A2="","",COUNTIF(Student_Responses!$D:$D,A2)) | F2: =IF(A2="","",COUNTIFS(Student_Responses!$D:$D,A2,Student_Responses!$H:$H,TRUE)) | G2: =IF(A2="","",E2-F2) | H2: =IFERROR(F2/E2*100,"") | I2: =IFERROR(G2/E2*100,"") | J2: =IF(H2="","",H2/100) | K2: =IF(J2="","Insufficient Data",IF(J2>=0.8,"Easy",IF(J2>=0.3,"Moderate","Difficult"))) -> Insufficient Data | L2: =IF(A2="","",IFERROR(INDEX([1]Discrimination_Analysis!$I:$I,MATCH(A2,[1]Discrimination_Analysis!$A:$A,0)),"")) | M2: =IF(A2="","",IF(E2=0,"Awaiting Responses",IF(OR(L2<0,H2<30),"Review Required",IF(OR(L2<0.2,H2<50),"Review Recommended","No Automatic Flag"))))

Sheet Discrimination_Analysis
A1: Question_ID | B1: Assessment_ID | C1: High_Group_Size | D1: High_Group_Correct | E1: High_Group_Accuracy | F1: Low_Group_Size | G1: Low_Group_Correct | H1: Low_Group_Accuracy | I1: Discrimination_Index | J1: Interpretation
E2: =IFERROR(D2/C2,"") | H2: =IFERROR(G2/F2,"") | I2: =IF(OR(E2="",H2=""),"",E2-H2) | J2: =IF(I2="","Awaiting Group Data",IF(I2<0,"Negative - Investigate",IF(I2>=0.4,"Good",IF(I2>=0.3,"Acceptable",IF(I2>=0.2,"Review Recommended","Weak - Review"))))) -> Awaiting Group Data

Sheet Distractor_Analysis
A1: Question_ID | B1: Assessment_ID | C1: Option_Label | D1: Option_Text | E1: Is_Correct_Option | F1: Selection_Count | G1: Selection_Percentage | H1: High_Performer_Selections | I1: Low_Performer_Selections | J1: Distractor_Status
G2: =IFERROR(F2/COUNTIF(Student_Responses!$D:$D,A2)*100,"") | J2: =IF(A2="","",IF(E2=TRUE,"Correct Option",IF(F2=0,"Not Selected",IF(G2<5,"Rarely Selected","Review Selection Pattern"))))

Sheet Topic_Type_Analysis
A1: Course_ID | B1: Module_ID | C1: Topic | D1: Question_Type | E1: Total_Questions | F1: Total_Responses | G1: Average_Accuracy | H1: Average_Difficulty_Index | I1: Average_Discrimination_Index | J1: Questions_Flagged
E2: =IF(C2="","",COUNTIFS(Question_Bank!$E:$E,C2,Question_Bank!$D:$D,D2)) | F2: =IF(C2="","",SUMIFS(Question_Quality_Analysis!$E:$E,Question_Quality_Analysis!$D:$D,C2,Question_Quality_Analysis!$C:$C,D2)) | G2: =IFERROR(AVERAGEIFS(Question_Quality_Analysis!$H:$H,Question_Quality_Analysis!$D:$D,C2,Question_Quality_Analysis!$C:$C,D2),"") | H2: =IFERROR(AVERAGEIFS(Question_Quality_Analysis!$J:$J,Question_Quality_Analysis!$D:$D,C2,Question_Quality_Analysis!$C:$C,D2),"") | I2: =IFERROR(AVERAGEIFS(Question_Quality_Analysis!$L:$L,Question_Quality_Analysis!$D:$D,C2,Question_Quality_Analysis!$C:$C,D2),"") | J2: =IF(C2="","",COUNTIFS(Question_Quality_Analysis!$D:$D,C2,Question_Quality_Analysis!$M:$M,"Review*"))

Sheet Quality_Summary
A1: Metric | B1: Result
A2: Total Assessments | B2: =COUNTA(Assessment_Master!A2:A1000) -> 0
A3: Total Questions | B3: =COUNTA(Question_Bank!A2:A1000) -> 0
A4: Total Student Responses | B4: =COUNTA(Student_Responses!A2:A5000) -> 0
A5: Average Question Accuracy (%) | B5: =IFERROR(AVERAGE(Question_Quality_Analysis!H2:H501),"")
A6: Easy Questions | B6: =COUNTIF(Question_Quality_Analysis!K2:K501,"Easy") -> 0
A7: Moderate Questions | B7: =COUNTIF(Question_Quality_Analysis!K2:K501,"Moderate") -> 0
A8: Difficult Questions | B8: =COUNTIF(Question_Quality_Analysis!K2:K501,"Difficult") -> 0
A9: Questions With High Failure Rate (70%+ incorrect) | B9: =COUNTIF(Question_Quality_Analysis!I2:I501,">=70") -> 0
A10: Questions With Weak Discrimination | B10: =COUNTIF(Discrimination_Analysis!J2:J501,"Weak*") -> 0
A11: Questions With Negative Discrimination | B11: =COUNTIF(Discrimination_Analysis!J2:J501,"Negative*") -> 0
A12: Distractors Rarely Selected | B12: =COUNTIF(Distractor_Analysis!J2:J1001,"Rarely Selected") -> 0
A13: Questions Requiring Review | B13: =COUNTIF(Question_Quality_Analysis!M2:M501,"Review*") -> 0

Sheet Read_Me
A1: Item | B1: Instructions
A2: Purpose | B2: Analyze CDaX assessment question quality, difficulty, discrimination and MCQ distractor effectiveness.
A3: Assessment_Master | B3: Populate using actual assessment records from the CDaX source data.
A4: Question_Bank | B4: Populate using actual question records and verified answer keys.
A5: Student_Responses | B5: Use one row per student response to one question.
A6: Question_Quality_Analysis | B6: Calculates question response counts, accuracy, difficulty and review flags.
A7: Discrimination_Analysis | B7: Compares accuracy between high- and low-performing groups.
A8: Distractor_Analysis | B8: Analyzes how often each answer option is selected.
A9: Topic_Type_Analysis | B9: Compares question quality by topic and question type.
A10: Quality_Summary | B10: Provides an overview of the calculated quality metrics.
A11: Difficulty Thresholds | B11: Proposed thresholds: 80%+ correct = Easy; 30%-79.9% = Moderate; below 30% = Difficult.
A12: Data Integrity | B12: Do not invent questions, answers, student responses or performance results.
