Workbook

Sheet Dashboard
A1: CDaX STUDENT ENROLLMENT & PERFORMANCE DASHBOARD
A2: Dashboard mode | B2: SIMULATED SAMPLE DATA | D2: Course filter | E2: All | G2: Month filter | H2: All
A4: Total Registered Students | D4: Course Enrollments | G4: Active Students | J4: Inactive Students
A5: =IF($H$2="All",COUNTA(Student_Data!$A$4:$A$1000),COUNTIF(Student_Data!$F$4:$F$1000,$H$2)) -> 60 | D5: =COUNTIFS(Enrollment_Data!$C$4:$C$2000,IF($E$2="All","<>",INDEX(Course_Master!$A$4:$A$10,MATCH($E$2,Course_Master!$B$4:$B$10,0))),Enrollment_Data!$F$4:$F$2000,IF($H$2="All","*",$H$2)) -> 104 | G5: =COUNTIFS(Student_Data!$C$4:$C$1000,"Active",Student_Data!$F$4:$F$1000,IF($H$2="All","*",$H$2)) -> 56 | J5: =COUNTIFS(Student_Data!$C$4:$C$1000,"Inactive",Student_Data!$F$4:$F$1000,IF($H$2="All","*",$H$2)) -> 4
A7: Course Completion Rate | D7: Average Assessment Score | G7: Ongoing Enrollments | J7: No Recent Activity
A8: =IFERROR(COUNTIFS(Enrollment_Data!$G$4:$G$2000,"Completed",Enrollment_Data!$C$4:$C$2000,IF($E$2="All","<>",INDEX(Course_Master!$A$4:$A$10,MATCH($E$2,Course_Master!$B$4:$B$10,0))),Enrollment_Data!$F$4:$F$2000,IF($H$2="All","*",$H$2))/COUNTIFS(Enrollment_Data!$C$4:$C$2000,IF($E$2="All","<>",INDEX(Course_Master!$A$4:$A$10,MATCH($E$2,Course_Master!$B$4:$B$10,0))),Enrollment_Data!$F$4:$F$2000,IF($H$2="All","*",$H$2)),0) -> 0.086538462 | D8: =IFERROR(AVERAGEIFS(Enrollment_Data!$I$4:$I$2000,Enrollment_Data!$C$4:$C$2000,IF($E$2="All","<>",INDEX(Course_Master!$A$4:$A$10,MATCH($E$2,Course_Master!$B$4:$B$10,0))),Enrollment_Data!$F$4:$F$2000,IF($H$2="All","*",$H$2)),0) -> 70.554795 | G8: =COUNTIFS(Enrollment_Data!$G$4:$G$2000,"Ongoing",Enrollment_Data!$C$4:$C$2000,IF($E$2="All","<>",INDEX(Course_Master!$A$4:$A$10,MATCH($E$2,Course_Master!$B$4:$B$10,0))),Enrollment_Data!$F$4:$F$2000,IF($H$2="All","*",$H$2)) -> 78 | J8: =COUNTIF(Student_Data!$E$4:$E$1000,"No Recent Activity") -> 45
A11: Course | B11: Enrollments | C11: Completed | D11: Ongoing | E11: Discontinued | F11: Completion Rate | G11: Avg Score | H11: Flag
A12: Complete Java Programming | B12: =COUNTIFS(Enrollment_Data!$D$4:$D$2000,$A12,Enrollment_Data!$F$4:$F$2000,IF($H$2="All","*",$H$2)) -> 12 | C12: =COUNTIFS(Enrollment_Data!$D$4:$D$2000,$A12,Enrollment_Data!$G$4:$G$2000,"Completed",Enrollment_Data!$F$4:$F$2000,IF($H$2="All","*",$H$2)) -> 2 | D12: =COUNTIFS(Enrollment_Data!$D$4:$D$2000,$A12,Enrollment_Data!$G$4:$G$2000,"Ongoing",Enrollment_Data!$F$4:$F$2000,IF($H$2="All","*",$H$2)) -> 6 | E12: =COUNTIFS(Enrollment_Data!$D$4:$D$2000,$A12,Enrollment_Data!$G$4:$G$2000,"Discontinued",Enrollment_Data!$F$4:$F$2000,IF($H$2="All","*",$H$2)) -> 4 | F12: =IFERROR(C12/B12,0) -> 0.16666667 | G12: =IFERROR(AVERAGEIFS(Enrollment_Data!$I$4:$I$2000,Enrollment_Data!$D$4:$D$2000,$A12,Enrollment_Data!$F$4:$F$2000,IF($H$2="All","*",$H$2)),0) -> 66.072727 | H12: =IF(AND(B12>=MEDIAN($B$12:$B$18),F12<0.4),"High enrollment / low completion",IF(G12<50,"Performance review","Monitor")) -> Monitor
A13: Python Programming Mastery | B13: =COUNTIFS(Enrollment_Data!$D$4:$D$2000,$A13,Enrollment_Data!$F$4:$F$2000,IF($H$2="All","*",$H$2)) -> 20 | C13: =COUNTIFS(Enrollment_Data!$D$4:$D$2000,$A13,Enrollment_Data!$G$4:$G$2000,"Completed",Enrollment_Data!$F$4:$F$2000,IF($H$2="All","*",$H$2)) -> 1 | D13: =COUNTIFS(Enrollment_Data!$D$4:$D$2000,$A13,Enrollment_Data!$G$4:$G$2000,"Ongoing",Enrollment_Data!$F$4:$F$2000,IF($H$2="All","*",$H$2)) -> 13 | E13: =COUNTIFS(Enrollment_Data!$D$4:$D$2000,$A13,Enrollment_Data!$G$4:$G$2000,"Discontinued",Enrollment_Data!$F$4:$F$2000,IF($H$2="All","*",$H$2)) -> 6 | F13: =IFERROR(C13/B13,0) -> 0.05 | G13: =IFERROR(AVERAGEIFS(Enrollment_Data!$I$4:$I$2000,Enrollment_Data!$D$4:$D$2000,$A13,Enrollment_Data!$F$4:$F$2000,IF($H$2="All","*",$H$2)),0) -> 71.069231 | H13: =IF(AND(B13>=MEDIAN($B$12:$B$18),F13<0.4),"High enrollment / low completion",IF(G13<50,"Performance review","Monitor")) -> High enrollment / low completion
A14: Flutter Mobile Development | B14: =COUNTIFS(Enrollment_Data!$D$4:$D$2000,$A14,Enrollment_Data!$F$4:$F$2000,IF($H$2="All","*",$H$2)) -> 18 | C14: =COUNTIFS(Enrollment_Data!$D$4:$D$2000,$A14,Enrollment_Data!$G$4:$G$2000,"Completed",Enrollment_Data!$F$4:$F$2000,IF($H$2="All","*",$H$2)) -> 1 | D14: =COUNTIFS(Enrollment_Data!$D$4:$D$2000,$A14,Enrollment_Data!$G$4:$G$2000,"Ongoing",Enrollment_Data!$F$4:$F$2000,IF($H$2="All","*",$H$2)) -> 16 | E14: =COUNTIFS(Enrollment_Data!$D$4:$D$2000,$A14,Enrollment_Data!$G$4:$G$2000,"Discontinued",Enrollment_Data!$F$4:$F$2000,IF($H$2="All","*",$H$2)) -> 1 | F14: =IFERROR(C14/B14,0) -> 0.055555556 | G14: =IFERROR(AVERAGEIFS(Enrollment_Data!$I$4:$I$2000,Enrollment_Data!$D$4:$D$2000,$A14,Enrollment_Data!$F$4:$F$2000,IF($H$2="All","*",$H$2)),0) -> 73 | H14: =IF(AND(B14>=MEDIAN($B$12:$B$18),F14<0.4),"High enrollment / low completion",IF(G14<50,"Performance review","Monitor")) -> High enrollment / low completion
A15: C/C++ Programming Course | B15: =COUNTIFS(Enrollment_Data!$D$4:$D$2000,$A15,Enrollment_Data!$F$4:$F$2000,IF($H$2="All","*",$H$2)) -> 13 | C15: =COUNTIFS(Enrollment_Data!$D$4:$D$2000,$A15,Enrollment_Data!$G$4:$G$2000,"Completed",Enrollment_Data!$F$4:$F$2000,IF($H$2="All","*",$H$2)) -> 2 | D15: =COUNTIFS(Enrollment_Data!$D$4:$D$2000,$A15,Enrollment_Data!$G$4:$G$2000,"Ongoing",Enrollment_Data!$F$4:$F$2000,IF($H$2="All","*",$H$2)) -> 10 | E15: =COUNTIFS(Enrollment_Data!$D$4:$D$2000,$A15,Enrollment_Data!$G$4:$G$2000,"Discontinued",Enrollment_Data!$F$4:$F$2000,IF($H$2="All","*",$H$2)) -> 1 | F15: =IFERROR(C15/B15,0) -> 0.15384615 | G15: =IFERROR(AVERAGEIFS(Enrollment_Data!$I$4:$I$2000,Enrollment_Data!$D$4:$D$2000,$A15,Enrollment_Data!$F$4:$F$2000,IF($H$2="All","*",$H$2)),0) -> 79.23 | H15: =IF(AND(B15>=MEDIAN($B$12:$B$18),F15<0.4),"High enrollment / low completion",IF(G15<50,"Performance review","Monitor")) -> High enrollment / low completion
A16: C# .NET Development | B16: =COUNTIFS(Enrollment_Data!$D$4:$D$2000,$A16,Enrollment_Data!$F$4:$F$2000,IF($H$2="All","*",$H$2)) -> 12 | C16: =COUNTIFS(Enrollment_Data!$D$4:$D$2000,$A16,Enrollment_Data!$G$4:$G$2000,"Completed",Enrollment_Data!$F$4:$F$2000,IF($H$2="All","*",$H$2)) -> 1 | D16: =COUNTIFS(Enrollment_Data!$D$4:$D$2000,$A16,Enrollment_Data!$G$4:$G$2000,"Ongoing",Enrollment_Data!$F$4:$F$2000,IF($H$2="All","*",$H$2)) -> 10 | E16: =COUNTIFS(Enrollment_Data!$D$4:$D$2000,$A16,Enrollment_Data!$G$4:$G$2000,"Discontinued",Enrollment_Data!$F$4:$F$2000,IF($H$2="All","*",$H$2)) -> 1 | F16: =IFERROR(C16/B16,0) -> 0.083333333 | G16: =IFERROR(AVERAGEIFS(Enrollment_Data!$I$4:$I$2000,Enrollment_Data!$D$4:$D$2000,$A16,Enrollment_Data!$F$4:$F$2000,IF($H$2="All","*",$H$2)),0) -> 70.7 | H16: =IF(AND(B16>=MEDIAN($B$12:$B$18),F16<0.4),"High enrollment / low completion",IF(G16<50,"Performance review","Monitor")) -> Monitor
A17: Data Structures & Algorithms | B17: =COUNTIFS(Enrollment_Data!$D$4:$D$2000,$A17,Enrollment_Data!$F$4:$F$2000,IF($H$2="All","*",$H$2)) -> 17 | C17: =COUNTIFS(Enrollment_Data!$D$4:$D$2000,$A17,Enrollment_Data!$G$4:$G$2000,"Completed",Enrollment_Data!$F$4:$F$2000,IF($H$2="All","*",$H$2)) -> 1 | D17: =COUNTIFS(Enrollment_Data!$D$4:$D$2000,$A17,Enrollment_Data!$G$4:$G$2000,"Ongoing",Enrollment_Data!$F$4:$F$2000,IF($H$2="All","*",$H$2)) -> 14 | E17: =COUNTIFS(Enrollment_Data!$D$4:$D$2000,$A17,Enrollment_Data!$G$4:$G$2000,"Discontinued",Enrollment_Data!$F$4:$F$2000,IF($H$2="All","*",$H$2)) -> 2 | F17: =IFERROR(C17/B17,0) -> 0.058823529 | G17: =IFERROR(AVERAGEIFS(Enrollment_Data!$I$4:$I$2000,Enrollment_Data!$D$4:$D$2000,$A17,Enrollment_Data!$F$4:$F$2000,IF($H$2="All","*",$H$2)),0) -> 62.483333 | H17: =IF(AND(B17>=MEDIAN($B$12:$B$18),F17<0.4),"High enrollment / low completion",IF(G17<50,"Performance review","Monitor")) -> High enrollment / low completion
A18: React Web Development | B18: =COUNTIFS(Enrollment_Data!$D$4:$D$2000,$A18,Enrollment_Data!$F$4:$F$2000,IF($H$2="All","*",$H$2)) -> 12 | C18: =COUNTIFS(Enrollment_Data!$D$4:$D$2000,$A18,Enrollment_Data!$G$4:$G$2000,"Completed",Enrollment_Data!$F$4:$F$2000,IF($H$2="All","*",$H$2)) -> 1 | D18: =COUNTIFS(Enrollment_Data!$D$4:$D$2000,$A18,Enrollment_Data!$G$4:$G$2000,"Ongoing",Enrollment_Data!$F$4:$F$2000,IF($H$2="All","*",$H$2)) -> 9 | E18: =COUNTIFS(Enrollment_Data!$D$4:$D$2000,$A18,Enrollment_Data!$G$4:$G$2000,"Discontinued",Enrollment_Data!$F$4:$F$2000,IF($H$2="All","*",$H$2)) -> 2 | F18: =IFERROR(C18/B18,0) -> 0.083333333 | G18: =IFERROR(AVERAGEIFS(Enrollment_Data!$I$4:$I$2000,Enrollment_Data!$D$4:$D$2000,$A18,Enrollment_Data!$F$4:$F$2000,IF($H$2="All","*",$H$2)),0) -> 74.02 | H18: =IF(AND(B18>=MEDIAN($B$12:$B$18),F18<0.4),"High enrollment / low completion",IF(G18<50,"Performance review","Monitor")) -> Monitor
A21: Performance Band | B21: Enrollments
A22: Below 40% | B22: =COUNTIFS(Enrollment_Data!$I$4:$I$2000,">=0",Enrollment_Data!$I$4:$I$2000,"<=39.999",Enrollment_Data!$C$4:$C$2000,IF($E$2="All","<>",INDEX(Course_Master!$A$4:$A$10,MATCH($E$2,Course_Master!$B$4:$B$10,0))),Enrollment_Data!$F$4:$F$2000,IF($H$2="All","*",$H$2)) -> 2
A23: 40–59% | B23: =COUNTIFS(Enrollment_Data!$I$4:$I$2000,">=40",Enrollment_Data!$I$4:$I$2000,"<=59.999",Enrollment_Data!$C$4:$C$2000,IF($E$2="All","<>",INDEX(Course_Master!$A$4:$A$10,MATCH($E$2,Course_Master!$B$4:$B$10,0))),Enrollment_Data!$F$4:$F$2000,IF($H$2="All","*",$H$2)) -> 17
A24: 60–79% | B24: =COUNTIFS(Enrollment_Data!$I$4:$I$2000,">=60",Enrollment_Data!$I$4:$I$2000,"<=79.999",Enrollment_Data!$C$4:$C$2000,IF($E$2="All","<>",INDEX(Course_Master!$A$4:$A$10,MATCH($E$2,Course_Master!$B$4:$B$10,0))),Enrollment_Data!$F$4:$F$2000,IF($H$2="All","*",$H$2)) -> 35
A25: 80–100% | B25: =COUNTIFS(Enrollment_Data!$I$4:$I$2000,">=80",Enrollment_Data!$I$4:$I$2000,"<=100",Enrollment_Data!$C$4:$C$2000,IF($E$2="All","<>",INDEX(Course_Master!$A$4:$A$10,MATCH($E$2,Course_Master!$B$4:$B$10,0))),Enrollment_Data!$F$4:$F$2000,IF($H$2="All","*",$H$2)) -> 19

Sheet Student_Data
A1: Student Data — SIMULATED SAMPLE RECORDS
A3: Student_ID | B3: Registration_Date | C3: Account_Status | D3: Last_Learning_Activity | E3: Activity_Status | F3: Month | G3: Data_Basis
A4: SAMP-001 | B4: 46177 | C4: Active | D4: 46201 | E4: Active | F4: 2026-06 | G4: Simulated for dashboard demonstration
A5: SAMP-002 | B5: 46177 | C5: Active | E5: No Recent Activity | F5: 2026-06 | G5: Simulated for dashboard demonstration
A6: SAMP-003 | B6: 46041 | C6: Active | D6: 46068 | E6: No Recent Activity | F6: 2026-01 | G6: Simulated for dashboard demonstration
A7: SAMP-004 | B7: 46070 | C7: Active | D7: 46139 | E7: No Recent Activity | F7: 2026-02 | G7: Simulated for dashboard demonstration
A8: SAMP-005 | B8: 46120 | C8: Active | D8: 46120 | E8: No Recent Activity | F8: 2026-04 | G8: Simulated for dashboard demonstration
A9: SAMP-006 | B9: 46076 | C9: Active | D9: 46103 | E9: No Recent Activity | F9: 2026-02 | G9: Simulated for dashboard demonstration
A10: SAMP-007 | B10: 46085 | C10: Active | D10: 46129 | E10: No Recent Activity | F10: 2026-03 | G10: Simulated for dashboard demonstration
A11: SAMP-008 | B11: 46151 | C11: Active | D11: 46202 | E11: Active | F11: 2026-05 | G11: Simulated for dashboard demonstration
A12: SAMP-009 | B12: 46115 | C12: Active | E12: No Recent Activity | F12: 2026-04 | G12: Simulated for dashboard demonstration
A13: SAMP-010 | B13: 46154 | C13: Active | D13: 46159 | E13: No Recent Activity | F13: 2026-05 | G13: Simulated for dashboard demonstration
A14: SAMP-011 | B14: 46181 | C14: Active | E14: No Recent Activity | F14: 2026-06 | G14: Simulated for dashboard demonstration
A15: SAMP-012 | B15: 46057 | C15: Active | D15: 46103 | E15: No Recent Activity | F15: 2026-02 | G15: Simulated for dashboard demonstration
A16: SAMP-013 | B16: 46065 | C16: Active | D16: 46074 | E16: No Recent Activity | F16: 2026-02 | G16: Simulated for dashboard demonstration
A17: SAMP-014 | B17: 46163 | C17: Active | D17: 46183 | E17: Active | F17: 2026-05 | G17: Simulated for dashboard demonstration
A18: SAMP-015 | B18: 46125 | C18: Active | E18: No Recent Activity | F18: 2026-04 | G18: Simulated for dashboard demonstration
A19: SAMP-016 | B19: 46191 | C19: Active | D19: 46198 | E19: Active | F19: 2026-06 | G19: Simulated for dashboard demonstration
A20: SAMP-017 | B20: 46055 | C20: Active | D20: 46063 | E20: No Recent Activity | F20: 2026-02 | G20: Simulated for dashboard demonstration
A21: SAMP-018 | B21: 46072 | C21: Inactive | D21: 46135 | E21: No Recent Activity | F21: 2026-02 | G21: Simulated for dashboard demonstration
A22: SAMP-019 | B22: 46133 | C22: Active | D22: 46164 | E22: No Recent Activity | F22: 2026-04 | G22: Simulated for dashboard demonstration
A23: SAMP-020 | B23: 46191 | C23: Active | D23: 46194 | E23: Active | F23: 2026-06 | G23: Simulated for dashboard demonstration
A24: SAMP-021 | B24: 46124 | C24: Active | E24: No Recent Activity | F24: 2026-04 | G24: Simulated for dashboard demonstration
A25: SAMP-022 | B25: 46158 | C25: Active | D25: 46172 | E25: No Recent Activity | F25: 2026-05 | G25: Simulated for dashboard demonstration
A26: SAMP-023 | B26: 46074 | C26: Active | D26: 46082 | E26: No Recent Activity | F26: 2026-02 | G26: Simulated for dashboard demonstration
A27: SAMP-024 | B27: 46125 | C27: Active | D27: 46157 | E27: No Recent Activity | F27: 2026-04 | G27: Simulated for dashboard demonstration
A28: SAMP-025 | B28: 46143 | C28: Active | D28: 46199 | E28: Active | F28: 2026-05 | G28: Simulated for dashboard demonstration
A29: SAMP-026 | B29: 46184 | C29: Active | D29: 46203 | E29: Active | F29: 2026-06 | G29: Simulated for dashboard demonstration
A30: SAMP-027 | B30: 46197 | C30: Active | D30: 46195 | E30: Active | F30: 2026-06 | G30: Simulated for dashboard demonstration
A31: SAMP-028 | B31: 46043 | C31: Active | D31: 46068 | E31: No Recent Activity | F31: 2026-01 | G31: Simulated for dashboard demonstration
A32: SAMP-029 | B32: 46065 | C32: Active | D32: 46132 | E32: No Recent Activity | F32: 2026-02 | G32: Simulated for dashboard demonstration
A33: SAMP-030 | B33: 46042 | C33: Active | D33: 46088 | E33: No Recent Activity | F33: 2026-01 | G33: Simulated for dashboard demonstration
A34: SAMP-031 | B34: 46089 | C34: Active | E34: No Recent Activity | F34: 2026-03 | G34: Simulated for dashboard demonstration
A35: SAMP-032 | B35: 46025 | C35: Active | D35: 46093 | E35: No Recent Activity | F35: 2026-01 | G35: Simulated for dashboard demonstration
A36: SAMP-033 | B36: 46058 | C36: Active | E36: No Recent Activity | F36: 2026-02 | G36: Simulated for dashboard demonstration
A37: SAMP-034 | B37: 46062 | C37: Active | D37: 46089 | E37: No Recent Activity | F37: 2026-02 | G37: Simulated for dashboard demonstration
A38: SAMP-035 | B38: 46167 | C38: Active | D38: 46197 | E38: Active | F38: 2026-05 | G38: Simulated for dashboard demonstration
A39: SAMP-036 | B39: 46194 | C39: Active | E39: No Recent Activity | F39: 2026-06 | G39: Simulated for dashboard demonstration
A40: SAMP-037 | B40: 46116 | C40: Active | D40: 46118 | E40: No Recent Activity | F40: 2026-04 | G40: Simulated for dashboard demonstration
A41: SAMP-038 | B41: 46160 | C41: Active | D41: 46169 | E41: No Recent Activity | F41: 2026-05 | G41: Simulated for dashboard demonstration
A42: SAMP-039 | B42: 46194 | C42: Active | D42: 46198 | E42: Active | F42: 2026-06 | G42: Simulated for dashboard demonstration
A43: SAMP-040 | B43: 46084 | C43: Active | D43: 46146 | E43: No Recent Activity | F43: 2026-03 | G43: Simulated for dashboard demonstration
A44: SAMP-041 | B44: 46071 | C44: Active | E44: No Recent Activity | F44: 2026-02 | G44: Simulated for dashboard demonstration
A45: SAMP-042 | B45: 46161 | C45: Active | D45: 46200 | E45: Active | F45: 2026-05 | G45: Simulated for dashboard demonstration
A46: SAMP-043 | B46: 46026 | C46: Active | D46: 46078 | E46: No Recent Activity | F46: 2026-01 | G46: Simulated for dashboard demonstration
A47: SAMP-044 | B47: 46136 | C47: Active | D47: 46148 | E47: No Recent Activity | F47: 2026-04 | G47: Simulated for dashboard demonstration
A48: SAMP-045 | B48: 46035 | C48: Active | D48: 46048 | E48: No Recent Activity | F48: 2026-01 | G48: Simulated for dashboard demonstration
A49: SAMP-046 | B49: 46060 | C49: Active | D49: 46114 | E49: No Recent Activity | F49: 2026-02 | G49: Simulated for dashboard demonstration
A50: SAMP-047 | B50: 46062 | C50: Active | E50: No Recent Activity | F50: 2026-02 | G50: Simulated for dashboard demonstration
A51: SAMP-048 | B51: 46037 | C51: Active | E51: No Recent Activity | F51: 2026-01 | G51: Simulated for dashboard demonstration
A52: SAMP-049 | B52: 46024 | C52: Active | D52: 46025 | E52: No Recent Activity | F52: 2026-01 | G52: Simulated for dashboard demonstration
A53: SAMP-050 | B53: 46047 | C53: Inactive | D53: 46109 | E53: No Recent Activity | F53: 2026-01 | G53: Simulated for dashboard demonstration
A54: SAMP-051 | B54: 46119 | C54: Inactive | E54: No Recent Activity | F54: 2026-04 | G54: Simulated for dashboard demonstration
A55: SAMP-052 | B55: 46066 | C55: Active | D55: 46124 | E55: No Recent Activity | F55: 2026-02 | G55: Simulated for dashboard demonstration
A56: SAMP-053 | B56: 46095 | C56: Active | D56: 46166 | E56: No Recent Activity | F56: 2026-03 | G56: Simulated for dashboard demonstration
A57: SAMP-054 | B57: 46196 | C57: Active | D57: 46203 | E57: Active | F57: 2026-06 | G57: Simulated for dashboard demonstration
A58: SAMP-055 | B58: 46166 | C58: Active | D58: 46173 | E58: Active | F58: 2026-05 | G58: Simulated for dashboard demonstration
A59: SAMP-056 | B59: 46041 | C59: Active | E59: No Recent Activity | F59: 2026-01 | G59: Simulated for dashboard demonstration
A60: SAMP-057 | B60: 46148 | C60: Active | D60: 46171 | E60: No Recent Activity | F60: 2026-05 | G60: Simulated for dashboard demonstration
A61: SAMP-058 | B61: 46042 | C61: Active | E61: No Recent Activity | F61: 2026-01 | G61: Simulated for dashboard demonstration
A62: SAMP-059 | B62: 46116 | C62: Inactive | D62: 46190 | E62: Active | F62: 2026-04 | G62: Simulated for dashboard demonstration
A63: SAMP-060 | B63: 46144 | C63: Active | D63: 46194 | E63: Active | F63: 2026-05 | G63: Simulated for dashboard demonstration

Sheet Enrollment_Data
A1: Enrollment Data — SIMULATED SAMPLE RECORDS
A3: Enrollment_ID | B3: Student_ID | C3: Course_ID | D3: Course_Name | E3: Enrollment_Date | F3: Enrollment_Month | G3: Enrollment_Status | H3: Completion_Date | I3: Assessment_Score_% | J3: Participation_Count | K3: Last_Activity_Date | L3: Data_Basis
A4: ENR-0001 | B4: SAMP-001 | C4: 3 | D4: Flutter Mobile Development | E4: 46198 | F4: 2026-06 | G4: Ongoing | I4: 55.4 | J4: 11 | K4: 46198 | L4: Simulated for dashboard demonstration
A5: ENR-0002 | B5: SAMP-001 | C5: 2 | D5: Python Programming Mastery | E5: 46177 | F5: 2026-06 | G5: Ongoing | J5: 0 | K5: 46179 | L5: Simulated for dashboard demonstration
A6: ENR-0003 | B6: SAMP-002 | C6: 5 | D6: C# .NET Development | E6: 46181 | F6: 2026-06 | G6: Ongoing | J6: 12 | K6: 46190 | L6: Simulated for dashboard demonstration
A7: ENR-0004 | B7: SAMP-002 | C7: 3 | D7: Flutter Mobile Development | E7: 46182 | F7: 2026-06 | G7: Ongoing | I7: 84.7 | J7: 17 | K7: 46182 | L7: Simulated for dashboard demonstration
A8: ENR-0005 | B8: SAMP-003 | C8: 5 | D8: C# .NET Development | E8: 46067 | F8: 2026-02 | G8: Ongoing | I8: 77 | J8: 9 | K8: 46139 | L8: Simulated for dashboard demonstration
A9: ENR-0006 | B9: SAMP-003 | C9: 3 | D9: Flutter Mobile Development | E9: 46195 | F9: 2026-06 | G9: Ongoing | I9: 76.4 | J9: 9 | K9: 46203 | L9: Simulated for dashboard demonstration
A10: ENR-0007 | B10: SAMP-004 | C10: 7 | D10: React Web Development | E10: 46093 | F10: 2026-03 | G10: Ongoing | J10: 11 | K10: 46191 | L10: Simulated for dashboard demonstration
A11: ENR-0008 | B11: SAMP-004 | C11: 1 | D11: Complete Java Programming | E11: 46103 | F11: 2026-03 | G11: Ongoing | I11: 71 | J11: 1 | K11: 46117 | L11: Simulated for dashboard demonstration
A12: ENR-0009 | B12: SAMP-005 | C12: 6 | D12: Data Structures & Algorithms | E12: 46139 | F12: 2026-04 | G12: Ongoing | J12: 5 | K12: 46194 | L12: Simulated for dashboard demonstration
A13: ENR-0010 | B13: SAMP-006 | C13: 3 | D13: Flutter Mobile Development | E13: 46169 | F13: 2026-05 | G13: Ongoing | J13: 12 | K13: 46182 | L13: Simulated for dashboard demonstration
A14: ENR-0011 | B14: SAMP-007 | C14: 6 | D14: Data Structures & Algorithms | E14: 46130 | F14: 2026-04 | G14: Ongoing | J14: 5 | K14: 46160 | L14: Simulated for dashboard demonstration
A15: ENR-0012 | B15: SAMP-007 | C15: 1 | D15: Complete Java Programming | E15: 46195 | F15: 2026-06 | G15: Ongoing | J15: 11 | K15: 46201 | L15: Simulated for dashboard demonstration
A16: ENR-0013 | B16: SAMP-008 | C16: 7 | D16: React Web Development | E16: 46202 | F16: 2026-06 | G16: Ongoing | J16: 2 | K16: 46203 | L16: Simulated for dashboard demonstration
A17: ENR-0014 | B17: SAMP-008 | C17: 6 | D17: Data Structures & Algorithms | E17: 46165 | F17: 2026-05 | G17: Ongoing | I17: 54.3 | J17: 8 | K17: 46179 | L17: Simulated for dashboard demonstration
A18: ENR-0015 | B18: SAMP-009 | C18: 2 | D18: Python Programming Mastery | E18: 46166 | F18: 2026-05 | G18: Discontinued | J18: 0 | K18: 46183 | L18: Simulated for dashboard demonstration
A19: ENR-0016 | B19: SAMP-010 | C19: 5 | D19: C# .NET Development | E19: 46179 | F19: 2026-06 | G19: Ongoing | J19: 1 | K19: 46182 | L19: Simulated for dashboard demonstration
A20: ENR-0017 | B20: SAMP-011 | C20: 3 | D20: Flutter Mobile Development | E20: 46189 | F20: 2026-06 | G20: Ongoing | I20: 70.4 | J20: 17 | K20: 46190 | L20: Simulated for dashboard demonstration
A21: ENR-0018 | B21: SAMP-011 | C21: 2 | D21: Python Programming Mastery | E21: 46193 | F21: 2026-06 | G21: Ongoing | I21: 60 | J21: 14 | K21: 46193 | L21: Simulated for dashboard demonstration
A22: ENR-0019 | B22: SAMP-011 | C22: 5 | D22: C# .NET Development | E22: 46197 | F22: 2026-06 | G22: Ongoing | I22: 67.6 | J22: 12 | K22: 46200 | L22: Simulated for dashboard demonstration
A23: ENR-0020 | B23: SAMP-012 | C23: 6 | D23: Data Structures & Algorithms | E23: 46141 | F23: 2026-04 | G23: Ongoing | I23: 49.4 | J23: 10 | K23: 46173 | L23: Simulated for dashboard demonstration
A24: ENR-0021 | B24: SAMP-013 | C24: 4 | D24: C/C++ Programming Course | E24: 46148 | F24: 2026-05 | G24: Ongoing | I24: 82.2 | J24: 0 | K24: 46191 | L24: Simulated for dashboard demonstration
A25: ENR-0022 | B25: SAMP-014 | C25: 2 | D25: Python Programming Mastery | E25: 46199 | F25: 2026-06 | G25: Discontinued | I25: 82.5 | J25: 10 | K25: 46200 | L25: Simulated for dashboard demonstration
A26: ENR-0023 | B26: SAMP-014 | C26: 5 | D26: C# .NET Development | E26: 46190 | F26: 2026-06 | G26: Ongoing | I26: 65.4 | J26: 17 | K26: 46197 | L26: Simulated for dashboard demonstration
A27: ENR-0024 | B27: SAMP-015 | C27: 7 | D27: React Web Development | E27: 46146 | F27: 2026-05 | G27: Ongoing | I27: 85.6 | J27: 11 | K27: 46151 | L27: Simulated for dashboard demonstration
A28: ENR-0025 | B28: SAMP-015 | C28: 6 | D28: Data Structures & Algorithms | E28: 46155 | F28: 2026-05 | G28: Ongoing | I28: 73 | J28: 16 | K28: 46194 | L28: Simulated for dashboard demonstration
A29: ENR-0026 | B29: SAMP-016 | C29: 1 | D29: Complete Java Programming | E29: 46197 | F29: 2026-06 | G29: Ongoing | I29: 75 | J29: 13 | K29: 46200 | L29: Simulated for dashboard demonstration
A30: ENR-0027 | B30: SAMP-016 | C30: 4 | D30: C/C++ Programming Course | E30: 46197 | F30: 2026-06 | G30: Ongoing | I30: 93.7 | J30: 0 | K30: 46203 | L30: Simulated for dashboard demonstration
A31: ENR-0028 | B31: SAMP-017 | C31: 2 | D31: Python Programming Mastery | E31: 46187 | F31: 2026-06 | G31: Ongoing | I31: 54.7 | J31: 0 | K31: 46190 | L31: Simulated for dashboard demonstration
A32: ENR-0029 | B32: SAMP-018 | C32: 7 | D32: React Web Development | E32: 46153 | F32: 2026-05 | G32: Ongoing | J32: 17 | K32: 46180 | L32: Simulated for dashboard demonstration
A33: ENR-0030 | B33: SAMP-018 | C33: 4 | D33: C/C++ Programming Course | E33: 46186 | F33: 2026-06 | G33: Ongoing | J33: 9 | K33: 46193 | L33: Simulated for dashboard demonstration
A34: ENR-0031 | B34: SAMP-019 | C34: 3 | D34: Flutter Mobile Development | E34: 46195 | F34: 2026-06 | G34: Ongoing | I34: 82.2 | J34: 11 | K34: 46203 | L34: Simulated for dashboard demonstration
A35: ENR-0032 | B35: SAMP-019 | C35: 5 | D35: C# .NET Development | E35: 46143 | F35: 2026-05 | G35: Completed | H35: 46172 | I35: 77.4 | J35: 7 | K35: 46147 | L35: Simulated for dashboard demonstration
A36: ENR-0033 | B36: SAMP-020 | C36: 3 | D36: Flutter Mobile Development | E36: 46199 | F36: 2026-06 | G36: Ongoing | I36: 78.9 | J36: 1 | K36: 46203 | L36: Simulated for dashboard demonstration
A37: ENR-0034 | B37: SAMP-021 | C37: 1 | D37: Complete Java Programming | E37: 46169 | F37: 2026-05 | G37: Discontinued | I37: 59.9 | J37: 0 | K37: 46195 | L37: Simulated for dashboard demonstration
A38: ENR-0035 | B38: SAMP-022 | C38: 6 | D38: Data Structures & Algorithms | E38: 46196 | F38: 2026-06 | G38: Ongoing | I38: 69.7 | J38: 13 | K38: 46198 | L38: Simulated for dashboard demonstration
A39: ENR-0036 | B39: SAMP-022 | C39: 5 | D39: C# .NET Development | E39: 46187 | F39: 2026-06 | G39: Ongoing | J39: 13 | K39: 46187 | L39: Simulated for dashboard demonstration
A40: ENR-0037 | B40: SAMP-023 | C40: 4 | D40: C/C++ Programming Course | E40: 46108 | F40: 2026-03 | G40: Ongoing | I40: 88 | J40: 11 | K40: 46135 | L40: Simulated for dashboard demonstration
A41: ENR-0038 | B41: SAMP-024 | C41: 3 | D41: Flutter Mobile Development | E41: 46160 | F41: 2026-05 | G41: Ongoing | J41: 3 | K41: 46190 | L41: Simulated for dashboard demonstration
A42: ENR-0039 | B42: SAMP-024 | C42: 4 | D42: C/C++ Programming Course | E42: 46127 | F42: 2026-04 | G42: Ongoing | I42: 81.5 | J42: 2 | K42: 46130 | L42: Simulated for dashboard demonstration
A43: ENR-0040 | B43: SAMP-025 | C43: 2 | D43: Python Programming Mastery | E43: 46152 | F43: 2026-05 | G43: Completed | H43: 46197 | I43: 69 | J43: 7 | K43: 46181 | L43: Simulated for dashboard demonstration
A44: ENR-0041 | B44: SAMP-025 | C44: 1 | D44: Complete Java Programming | E44: 46187 | F44: 2026-06 | G44: Discontinued | I44: 43.6 | J44: 6 | K44: 46196 | L44: Simulated for dashboard demonstration
A45: ENR-0042 | B45: SAMP-025 | C45: 5 | D45: C# .NET Development | E45: 46149 | F45: 2026-05 | G45: Ongoing | J45: 13 | K45: 46174 | L45: Simulated for dashboard demonstration
A46: ENR-0043 | B46: SAMP-026 | C46: 2 | D46: Python Programming Mastery | E46: 46191 | F46: 2026-06 | G46: Ongoing | I46: 49.7 | J46: 4 | K46: 46203 | L46: Simulated for dashboard demonstration
A47: ENR-0044 | B47: SAMP-026 | C47: 1 | D47: Complete Java Programming | E47: 46202 | F47: 2026-06 | G47: Ongoing | I47: 59.9 | J47: 11 | K47: 46202 | L47: Simulated for dashboard demonstration
A48: ENR-0045 | B48: SAMP-026 | C48: 5 | D48: C# .NET Development | E48: 46197 | F48: 2026-06 | G48: Ongoing | I48: 77.9 | J48: 0 | K48: 46202 | L48: Simulated for dashboard demonstration
A49: ENR-0046 | B49: SAMP-027 | C49: 4 | D49: C/C++ Programming Course | E49: 46200 | F49: 2026-06 | G49: Ongoing | J49: 18 | K49: 46203 | L49: Simulated for dashboard demonstration
A50: ENR-0047 | B50: SAMP-027 | C50: 6 | D50: Data Structures & Algorithms | E50: 46200 | F50: 2026-06 | G50: Ongoing | J50: 8 | K50: 46200 | L50: Simulated for dashboard demonstration
A51: ENR-0048 | B51: SAMP-027 | C51: 2 | D51: Python Programming Mastery | E51: 46199 | F51: 2026-06 | G51: Ongoing | I51: 53.2 | J51: 1 | K51: 46202 | L51: Simulated for dashboard demonstration
A52: ENR-0049 | B52: SAMP-028 | C52: 2 | D52: Python Programming Mastery | E52: 46097 | F52: 2026-03 | G52: Discontinued | I52: 76.2 | J52: 9 | K52: 46168 | L52: Simulated for dashboard demonstration
A53: ENR-0050 | B53: SAMP-028 | C53: 4 | D53: C/C++ Programming Course | E53: 46045 | F53: 2026-01 | G53: Ongoing | I53: 72.8 | J53: 8 | K53: 46166 | L53: Simulated for dashboard demonstration
A54: ENR-0051 | B54: SAMP-029 | C54: 4 | D54: C/C++ Programming Course | E54: 46069 | F54: 2026-02 | G54: Completed | H54: 46098 | I54: 86.3 | J54: 12 | K54: 46190 | L54: Simulated for dashboard demonstration
A55: ENR-0052 | B55: SAMP-029 | C55: 7 | D55: React Web Development | E55: 46200 | F55: 2026-06 | G55: Discontinued | J55: 12 | K55: 46203 | L55: Simulated for dashboard demonstration
A56: ENR-0053 | B56: SAMP-030 | C56: 3 | D56: Flutter Mobile Development | E56: 46101 | F56: 2026-03 | G56: Completed | H56: 46128 | I56: 70.5 | J56: 7 | K56: 46128 | L56: Simulated for dashboard demonstration
A57: ENR-0054 | B57: SAMP-031 | C57: 3 | D57: Flutter Mobile Development | E57: 46164 | F57: 2026-05 | G57: Ongoing | I57: 37.7 | J57: 4 | K57: 46176 | L57: Simulated for dashboard demonstration
A58: ENR-0055 | B58: SAMP-031 | C58: 6 | D58: Data Structures & Algorithms | E58: 46126 | F58: 2026-04 | G58: Completed | H58: 46152 | I58: 70.1 | J58: 2 | K58: 46196 | L58: Simulated for dashboard demonstration
A59: ENR-0056 | B59: SAMP-032 | C59: 2 | D59: Python Programming Mastery | E59: 46188 | F59: 2026-06 | G59: Ongoing | I59: 65 | J59: 10 | K59: 46203 | L59: Simulated for dashboard demonstration
A60: ENR-0057 | B60: SAMP-033 | C60: 3 | D60: Flutter Mobile Development | E60: 46071 | F60: 2026-02 | G60: Discontinued | J60: 3 | K60: 46173 | L60: Simulated for dashboard demonstration
A61: ENR-0058 | B61: SAMP-033 | C61: 2 | D61: Python Programming Mastery | E61: 46183 | F61: 2026-06 | G61: Ongoing | I61: 86.8 | J61: 0 | K61: 46185 | L61: Simulated for dashboard demonstration
A62: ENR-0059 | B62: SAMP-034 | C62: 1 | D62: Complete Java Programming | E62: 46119 | F62: 2026-04 | G62: Ongoing | I62: 92.8 | J62: 0 | K62: 46157 | L62: Simulated for dashboard demonstration
A63: ENR-0060 | B63: SAMP-034 | C63: 5 | D63: C# .NET Development | E63: 46171 | F63: 2026-05 | G63: Discontinued | I63: 54.3 | J63: 0 | K63: 46184 | L63: Simulated for dashboard demonstration
A64: ENR-0061 | B64: SAMP-034 | C64: 4 | D64: C/C++ Programming Course | E64: 46116 | F64: 2026-04 | G64: Discontinued | I64: 57.4 | J64: 18 | K64: 46125 | L64: Simulated for dashboard demonstration
A65: ENR-0062 | B65: SAMP-035 | C65: 4 | D65: C/C++ Programming Course | E65: 46195 | F65: 2026-06 | G65: Ongoing | I65: 83.3 | J65: 15 | K65: 46196 | L65: Simulated for dashboard demonstration
A66: ENR-0063 | B66: SAMP-036 | C66: 3 | D66: Flutter Mobile Development | E66: 46203 | F66: 2026-06 | G66: Ongoing | J66: 18 | K66: 46203 | L66: Simulated for dashboard demonstration
A67: ENR-0064 | B67: SAMP-036 | C67: 6 | D67: Data Structures & Algorithms | E67: 46196 | F67: 2026-06 | G67: Ongoing | J67: 6 | K67: 46200 | L67: Simulated for dashboard demonstration
A68: ENR-0065 | B68: SAMP-037 | C68: 7 | D68: React Web Development | E68: 46152 | F68: 2026-05 | G68: Ongoing | I68: 74.4 | J68: 13 | K68: 46169 | L68: Simulated for dashboard demonstration
A69: ENR-0066 | B69: SAMP-037 | C69: 5 | D69: C# .NET Development | E69: 46180 | F69: 2026-06 | G69: Ongoing | I69: 48 | J69: 9 | K69: 46180 | L69: Simulated for dashboard demonstration
A70: ENR-0067 | B70: SAMP-038 | C70: 6 | D70: Data Structures & Algorithms | E70: 46196 | F70: 2026-06 | G70: Ongoing | I70: 55 | J70: 9 | K70: 46196 | L70: Simulated for dashboard demonstration
A71: ENR-0068 | B71: SAMP-039 | C71: 2 | D71: Python Programming Mastery | E71: 46202 | F71: 2026-06 | G71: Ongoing | J71: 14 | K71: 46203 | L71: Simulated for dashboard demonstration
A72: ENR-0069 | B72: SAMP-039 | C72: 4 | D72: C/C++ Programming Course | E72: 46195 | F72: 2026-06 | G72: Ongoing | I72: 69.2 | J72: 14 | K72: 46202 | L72: Simulated for dashboard demonstration
A73: ENR-0070 | B73: SAMP-040 | C73: 4 | D73: C/C++ Programming Course | E73: 46188 | F73: 2026-06 | G73: Ongoing | I73: 77.9 | J73: 9 | K73: 46198 | L73: Simulated for dashboard demonstration
A74: ENR-0071 | B74: SAMP-041 | C74: 7 | D74: React Web Development | E74: 46174 | F74: 2026-06 | G74: Ongoing | J74: 18 | K74: 46188 | L74: Simulated for dashboard demonstration
A75: ENR-0072 | B75: SAMP-042 | C75: 2 | D75: Python Programming Mastery | E75: 46194 | F75: 2026-06 | G75: Discontinued | J75: 2 | K75: 46197 | L75: Simulated for dashboard demonstration
A76: ENR-0073 | B76: SAMP-043 | C76: 2 | D76: Python Programming Mastery | E76: 46099 | F76: 2026-03 | G76: Ongoing | I76: 99.2 | J76: 8 | K76: 46189 | L76: Simulated for dashboard demonstration
A77: ENR-0074 | B77: SAMP-044 | C77: 5 | D77: C# .NET Development | E77: 46137 | F77: 2026-04 | G77: Ongoing | I77: 98 | J77: 0 | K77: 46151 | L77: Simulated for dashboard demonstration
A78: ENR-0075 | B78: SAMP-045 | C78: 1 | D78: Complete Java Programming | E78: 46074 | F78: 2026-02 | G78: Ongoing | I78: 60.8 | J78: 16 | K78: 46136 | L78: Simulated for dashboard demonstration
A79: ENR-0076 | B79: SAMP-045 | C79: 6 | D79: Data Structures & Algorithms | E79: 46151 | F79: 2026-05 | G79: Ongoing | I79: 71.4 | J79: 0 | K79: 46183 | L79: Simulated for dashboard demonstration
A80: ENR-0077 | B80: SAMP-046 | C80: 2 | D80: Python Programming Mastery | E80: 46130 | F80: 2026-04 | G80: Ongoing | J80: 17 | K80: 46164 | L80: Simulated for dashboard demonstration
A81: ENR-0078 | B81: SAMP-046 | C81: 1 | D81: Complete Java Programming | E81: 46060 | F81: 2026-02 | G81: Discontinued | I81: 27.8 | J81: 5 | K81: 46174 | L81: Simulated for dashboard demonstration
A82: ENR-0079 | B82: SAMP-047 | C82: 3 | D82: Flutter Mobile Development | E82: 46203 | F82: 2026-06 | G82: Ongoing | I82: 45.2 | J82: 0 | K82: 46203 | L82: Simulated for dashboard demonstration
A83: ENR-0080 | B83: SAMP-047 | C83: 7 | D83: React Web Development | E83: 46123 | F83: 2026-04 | G83: Ongoing | I83: 72.7 | J83: 13 | K83: 46172 | L83: Simulated for dashboard demonstration
A84: ENR-0081 | B84: SAMP-048 | C84: 7 | D84: React Web Development | E84: 46163 | F84: 2026-05 | G84: Ongoing | I84: 67.9 | J84: 0 | K84: 46184 | L84: Simulated for dashboard demonstration
A85: ENR-0082 | B85: SAMP-048 | C85: 6 | D85: Data Structures & Algorithms | E85: 46062 | F85: 2026-02 | G85: Ongoing | I85: 56.7 | J85: 14 | K85: 46101 | L85: Simulated for dashboard demonstration
A86: ENR-0083 | B86: SAMP-048 | C86: 2 | D86: Python Programming Mastery | E86: 46056 | F86: 2026-02 | G86: Ongoing | J86: 13 | K86: 46076 | L86: Simulated for dashboard demonstration
A87: ENR-0084 | B87: SAMP-049 | C87: 7 | D87: React Web Development | E87: 46160 | F87: 2026-05 | G87: Discontinued | I87: 69.5 | J87: 16 | K87: 46194 | L87: Simulated for dashboard demonstration
A88: ENR-0085 | B88: SAMP-049 | C88: 6 | D88: Data Structures & Algorithms | E88: 46033 | F88: 2026-01 | G88: Ongoing | I88: 67.4 | J88: 3 | K88: 46144 | L88: Simulated for dashboard demonstration
A89: ENR-0086 | B89: SAMP-050 | C89: 7 | D89: React Web Development | E89: 46160 | F89: 2026-05 | G89: Completed | H89: 46194 | J89: 2 | K89: 46178 | L89: Simulated for dashboard demonstration
A90: ENR-0087 | B90: SAMP-050 | C90: 6 | D90: Data Structures & Algorithms | E90: 46138 | F90: 2026-04 | G90: Discontinued | I90: 61.4 | J90: 6 | K90: 46159 | L90: Simulated for dashboard demonstration
A91: ENR-0088 | B91: SAMP-050 | C91: 1 | D91: Complete Java Programming | E91: 46091 | F91: 2026-03 | G91: Completed | H91: 46130 | I91: 73.8 | J91: 15 | K91: 46172 | L91: Simulated for dashboard demonstration
A92: ENR-0089 | B92: SAMP-051 | C92: 3 | D92: Flutter Mobile Development | E92: 46120 | F92: 2026-04 | G92: Ongoing | I92: 100 | J92: 18 | K92: 46140 | L92: Simulated for dashboard demonstration
A93: ENR-0090 | B93: SAMP-052 | C93: 3 | D93: Flutter Mobile Development | E93: 46142 | F93: 2026-04 | G93: Ongoing | I93: 72 | J93: 13 | K93: 46196 | L93: Simulated for dashboard demonstration
A94: ENR-0091 | B94: SAMP-053 | C94: 2 | D94: Python Programming Mastery | E94: 46168 | F94: 2026-05 | G94: Discontinued | I94: 99 | J94: 1 | K94: 46193 | L94: Simulated for dashboard demonstration
A95: ENR-0092 | B95: SAMP-053 | C95: 4 | D95: C/C++ Programming Course | E95: 46130 | F95: 2026-04 | G95: Completed | H95: 46188 | J95: 0 | K95: 46193 | L95: Simulated for dashboard demonstration
A96: ENR-0093 | B96: SAMP-054 | C96: 3 | D96: Flutter Mobile Development | E96: 46201 | F96: 2026-06 | G96: Ongoing | I96: 62.2 | J96: 5 | K96: 46203 | L96: Simulated for dashboard demonstration
A97: ENR-0094 | B97: SAMP-054 | C97: 2 | D97: Python Programming Mastery | E97: 46197 | F97: 2026-06 | G97: Ongoing | I97: 51.9 | J97: 15 | K97: 46197 | L97: Simulated for dashboard demonstration
A98: ENR-0095 | B98: SAMP-055 | C98: 6 | D98: Data Structures & Algorithms | E98: 46171 | F98: 2026-05 | G98: Ongoing | I98: 63.9 | J98: 12 | K98: 46203 | L98: Simulated for dashboard demonstration
A99: ENR-0096 | B99: SAMP-055 | C99: 2 | D99: Python Programming Mastery | E99: 46183 | F99: 2026-06 | G99: Ongoing | I99: 76.7 | J99: 16 | K99: 46192 | L99: Simulated for dashboard demonstration
A100: ENR-0097 | B100: SAMP-056 | C100: 3 | D100: Flutter Mobile Development | E100: 46160 | F100: 2026-05 | G100: Ongoing | I100: 99.2 | J100: 13 | K100: 46195 | L100: Simulated for dashboard demonstration
A101: ENR-0098 | B101: SAMP-056 | C101: 1 | D101: Complete Java Programming | E101: 46134 | F101: 2026-04 | G101: Completed | H101: 46174 | I101: 66.2 | J101: 15 | K101: 46181 | L101: Simulated for dashboard demonstration
...

Sheet Course_Master
A1: CDaX Course Master — catalog values from supplied source file
A3: Course_ID | B3: Course_Name | C3: Category | D3: Instructor | E3: Level | F3: Data_Basis
A4: 1 | B4: Complete Java Programming | C4: Programming | D4: Dr. Rajesh Verma | E4: Intermediate | F4: Actual catalog field from CDaX PowerBI Data 11.xlsx
A5: 2 | B5: Python Programming Mastery | C5: Programming | D5: Prof. Anjali Desai | E5: Beginner | F5: Actual catalog field from CDaX PowerBI Data 11.xlsx
A6: 3 | B6: Flutter Mobile Development | C6: Mobile Development | D6: Dr. Rajesh Verma | E6: Beginner | F6: Actual catalog field from CDaX PowerBI Data 11.xlsx
A7: 4 | B7: C/C++ Programming Course | C7: Programming | D7: Prof. Anjali Desai | E7: Intermediate | F7: Actual catalog field from CDaX PowerBI Data 11.xlsx
A8: 5 | B8: C# .NET Development | C8: Programming | D8: Dr. Rajesh Verma | E8: Intermediate | F8: Actual catalog field from CDaX PowerBI Data 11.xlsx
A9: 6 | B9: Data Structures & Algorithms | C9: Computer Science | D9: Prof. Anjali Desai | E9: Advanced | F9: Actual catalog field from CDaX PowerBI Data 11.xlsx
A10: 7 | B10: React Web Development | C10: Web Development | D10: Dr. Rajesh Verma | E10: Intermediate | F10: Actual catalog field from CDaX PowerBI Data 11.xlsx

Sheet Monthly_Trends
A1: Monthly Enrollment and Registration Trends — simulated sample data
A3: Month | B3: New Registrations | C3: Course Enrollments | D3: Completed Enrollments | E3: Average Assessment Score | F3: Data_Basis
A4: 2026-01 | B4: =COUNTIF(Student_Data!$F$4:$F$1000,A4) -> 11 | C4: =COUNTIF(Enrollment_Data!$F$4:$F$2000,A4) -> 3 | D4: =COUNTIFS(Enrollment_Data!$F$4:$F$2000,A4,Enrollment_Data!$G$4:$G$2000,"Completed") -> 0 | E4: =IFERROR(AVERAGEIF(Enrollment_Data!$F$4:$F$2000,A4,Enrollment_Data!$I$4:$I$2000),0) -> 78.733333 | F4: Simulated for dashboard demonstration
A5: 2026-02 | B5: =COUNTIF(Student_Data!$F$4:$F$1000,A5) -> 14 | C5: =COUNTIF(Enrollment_Data!$F$4:$F$2000,A5) -> 7 | D5: =COUNTIFS(Enrollment_Data!$F$4:$F$2000,A5,Enrollment_Data!$G$4:$G$2000,"Completed") -> 1 | E5: =IFERROR(AVERAGEIF(Enrollment_Data!$F$4:$F$2000,A5,Enrollment_Data!$I$4:$I$2000),0) -> 61.72 | F5: Simulated for dashboard demonstration
A6: 2026-03 | B6: =COUNTIF(Student_Data!$F$4:$F$1000,A6) -> 4 | C6: =COUNTIF(Enrollment_Data!$F$4:$F$2000,A6) -> 7 | D6: =COUNTIFS(Enrollment_Data!$F$4:$F$2000,A6,Enrollment_Data!$G$4:$G$2000,"Completed") -> 2 | E6: =IFERROR(AVERAGEIF(Enrollment_Data!$F$4:$F$2000,A6,Enrollment_Data!$I$4:$I$2000),0) -> 79.783333 | F6: Simulated for dashboard demonstration
A7: 2026-04 | B7: =COUNTIF(Student_Data!$F$4:$F$1000,A7) -> 10 | C7: =COUNTIF(Enrollment_Data!$F$4:$F$2000,A7) -> 15 | D7: =COUNTIFS(Enrollment_Data!$F$4:$F$2000,A7,Enrollment_Data!$G$4:$G$2000,"Completed") -> 3 | E7: =IFERROR(AVERAGEIF(Enrollment_Data!$F$4:$F$2000,A7,Enrollment_Data!$I$4:$I$2000),0) -> 74.681818 | F7: Simulated for dashboard demonstration
A8: 2026-05 | B8: =COUNTIF(Student_Data!$F$4:$F$1000,A8) -> 11 | C8: =COUNTIF(Enrollment_Data!$F$4:$F$2000,A8) -> 22 | D8: =COUNTIFS(Enrollment_Data!$F$4:$F$2000,A8,Enrollment_Data!$G$4:$G$2000,"Completed") -> 3 | E8: =IFERROR(AVERAGEIF(Enrollment_Data!$F$4:$F$2000,A8,Enrollment_Data!$I$4:$I$2000),0) -> 71.16875 | F8: Simulated for dashboard demonstration
A9: 2026-06 | B9: =COUNTIF(Student_Data!$F$4:$F$1000,A9) -> 10 | C9: =COUNTIF(Enrollment_Data!$F$4:$F$2000,A9) -> 50 | D9: =COUNTIFS(Enrollment_Data!$F$4:$F$2000,A9,Enrollment_Data!$G$4:$G$2000,"Completed") -> 0 | E9: =IFERROR(AVERAGEIF(Enrollment_Data!$F$4:$F$2000,A9,Enrollment_Data!$I$4:$I$2000),0) -> 67.7125 | F9: Simulated for dashboard demonstration

Sheet Recommendations
A1: Course Improvement Recommendations
A3: Signal | B3: Rule / Evidence | C3: Potential interpretation | D3: Recommended action | E3: Caution
A4: High enrollment + low completion | B4: Enrollment count at/above course median and completion rate below 40% | C4: Possible course friction or learner support gap; sample data cannot establish cause | D4: Review module-level drop-off, course structure, class support, and student feedback | E4: Threshold is an illustrative rule, not a validated CDaX standard
A5: Low assessment score | B5: Average assessment score below 50% | C5: May indicate difficult content, unclear instruction, or assessment mismatch | D5: Review question quality, learning objectives, explanations, and module prerequisites | E5: Do not infer cause from score alone
A6: High discontinued share | B6: Discontinued enrollments / course enrollments above 25% | C6: Potential engagement or completion barrier | D6: Review last activity, course length, onboarding, and support response times | E6: Discontinued status is simulated for demonstration
A7: No recent activity | B7: Last learning activity more than 30 days before sample cutoff, or missing activity | C7: Possible disengagement; validate actual event logs | D7: Test a re-engagement message and offer mentor support | E7: Activity cutoff and data are simulated
A8: Low enrollment | B8: Course enrollments below portfolio median | C8: Could reflect low visibility, demand, or small sample | D8: Compare discovery page views, favorites, conversion, and course positioning | E8: Catalog popularity counts are source fields, not same as this sample enrollment count
A9: Assessment data gap | B9: Actual assessment response records not included in supplied sample workbook | C9: Cannot calculate actual academic performance from current source alone | D9: Connect assessment attempts, marks, question-level results and pass status | E9: Sample score column is simulated and must be replaced before real reporting

Sheet Source_Notes
A1: Source Data, Assumptions & Usage Notes
A3: Area | B3: Source / Assumption | C3: How used | D3: Important limitation
A4: Course catalog | B4: Actual source: CDaX PowerBI Data 11.xlsx → Courses (7 course records) | C4: Course IDs, titles, categories, instructors and levels copied into Course_Master | D4: Source catalog includes published/course metadata and a catalog enrolled_students field; that field is not used as student-level enrollments in this dashboard
A5: User records | B5: Actual source contains 3 user rows in Users | C5: Reviewed as source context only; sample dashboard uses simulated student records to make filters/charts demonstrable | D5: Actual source is too small for robust trends
A6: Purchases | B6: Actual source contains 5 populated purchase rows with user/course/date fields | C6: Used as evidence that transaction data exists, but not directly treated as enrollment lifecycle status | D6: Purchase rows do not establish course completion or assessment score
A7: Learning activity | B7: Actual source has 4 populated Video_Progress rows in the reviewed workbook | C7: Shows limited activity events exist | D7: Not enough to infer portfolio-wide monthly activity; no universal activity definition in source
A8: Student_Data | B8: 60 simulated student records, registration dates Jan–Jun 2026 | C8: Demonstrates monthly registration and active/inactive filters | D8: All SAMP IDs and activity status are simulated; replace with actual student-level records
A9: Enrollment_Data | B9: Simulated enrollments linked to actual catalog course IDs and titles | C9: Demonstrates status, completion, score, and participation analysis | D9: Enrollment dates/statuses/scores are invented sample values, not actual CDaX outcomes
A10: Active definition | B10: Illustrative: account active/inactive and last learning activity within 30 days are separate measures | C10: Account status used in active/inactive KPI; recent activity KPI uses last activity | D10: Change threshold/definition to match CDaX event tracking rules
A11: Completion rate | B11: Completed enrollments divided by all enrollments in the selected filter | C11: Used for KPI and course comparison | D11: Status is simulated until actual completion events/status are available
A12: Assessment score | B12: Average of nonblank simulated enrollment assessment scores | C12: Used for demonstration of performance analysis | D12: Actual assessment attempts/scores are not in the supplied sample workbook; do not present simulated score as real academic performance
A13: Dashboard filters | B13: Dashboard cells E2 (Course) and H2 (Month) have dropdowns | C13: KPI cards and course table respond to month and course selection where relevant | D13: Course-wise table/chart summarizes each course for selected month; student registration KPI is filtered by registration month
A14: Refresh/update | B14: Replace or append rows in the data tables, preserving headers and formula ranges | C14: Dashboard formulas recalculate in Excel | D14: Formula ranges currently cover rows 4–2000; extend formulas/ranges if exceeding that size
A15: Suggested next integration | B15: Users, Purchases, Video_Progress, User_Streaks, assessment attempts/results, enrollment/completion events | C15: Map stable user_id, course_id and timestamps; define active, discontinued and completion status | D15: Keep sample data separate from production data and remove/clearly flag sample records before reporting
